config,group,n,mean_anchor_pp,sd_anchor_pp,mean_observed_pp,sd_observed_pp,mean_paired_difference_pp,wilcoxon_stat,p_two_sided,n_nonzero,anchor_improving,p_holm_four_configs
a5_d90,all_unique_users,19,9.08102330133944,31.625060997111646,-5.013843511690283,26.504390565688773,14.094866813029721,26.0,0.003917694091796875,19,11,0.00783538818359375
a5_d90,1,4,7.175204575284859,12.659111267226818,2.836861614894086,22.345028575412616,4.338342960390773,4.0,0.875,4,2,
a5_d90,3,1,51.47027608697439,,7.579648732753819,,43.89062735422057,0.0,1.0,1,1,
a5_d90,6,6,30.739068910889344,28.890130923494993,5.044145603426291,21.71631563065416,25.694923307463057,1.0,0.0625,6,5,
a5_d90,47,6,-2.4367454465226728,16.629010983966253,-8.14075166151689,21.221457605651892,5.704006214994219,3.0,0.15625,6,3,
a5_d90,71,1,-70.1382046414767,,-77.83907929625111,,7.70087465477441,0.0,1.0,1,0,
a5_d90,74,1,-7.30738780738781,,-17.77140626965083,,10.464018462263018,0.0,1.0,1,0,
a3_d90,all_unique_users,36,11.769111855502812,26.928471954139265,-1.6521657482533172,24.50723147428515,13.421277603756133,87.0,3.971919068135321e-05,36,25,0.00015887676272541285
a3_d90,1,10,16.808912546546587,16.93137028083747,8.235161901040502,14.086265292727887,8.573750645506085,14.0,0.193359375,10,7,
a3_d90,3,1,51.47027608697439,,7.579648732753819,,43.89062735422057,0.0,1.0,1,1,
a3_d90,6,9,23.193664989437455,27.364823957646635,0.45001993173077737,19.204516911199562,22.743645057706676,3.0,0.01953125,9,7,
a3_d90,32,1,4.166507039333683,,5.718377961108106,,-1.551870921774423,0.0,1.0,1,1,
a3_d90,34,2,8.240928304212055,10.724028914905022,1.125158039538611,8.668521420437841,7.115770264673445,0.0,0.5,2,2,
a3_d90,47,7,-1.4654904362997283,15.396104247013511,-7.852634840482253,19.387443484766344,6.387144404182527,3.0,0.078125,7,4,
a3_d90,71,2,-4.715021015570091,92.52235357738253,-8.907037743294328,97.48462804625724,4.192016727724237,0.0,0.5,2,1,
a3_d90,73,1,1.1982401656314756,,-2.0460281147551718,,3.244268280386647,0.0,1.0,1,1,
a3_d90,74,1,-7.30738780738781,,-17.77140626965083,,10.464018462263018,0.0,1.0,1,0,
a3_d90,85,1,-23.336820587645622,,-50.19072408709615,,26.853903499450528,0.0,1.0,1,0,
a3_d90,88,1,23.8717200076064,,-18.637430264574007,,42.509150272180406,0.0,1.0,1,1,
a5_d60,all_unique_users,19,9.08102330133944,31.625060997111646,-5.013843511690283,26.504390565688773,14.094866813029721,26.0,0.003917694091796875,19,11,0.00783538818359375
a5_d60,1,4,7.175204575284859,12.659111267226818,2.836861614894086,22.345028575412616,4.338342960390773,4.0,0.875,4,2,
a5_d60,3,1,51.47027608697439,,7.579648732753819,,43.89062735422057,0.0,1.0,1,1,
a5_d60,6,6,30.739068910889344,28.890130923494993,5.044145603426291,21.71631563065416,25.694923307463057,1.0,0.0625,6,5,
a5_d60,47,6,-2.4367454465226728,16.629010983966253,-8.14075166151689,21.221457605651892,5.704006214994219,3.0,0.15625,6,3,
a5_d60,71,1,-70.1382046414767,,-77.83907929625111,,7.70087465477441,0.0,1.0,1,0,
a5_d60,74,1,-7.30738780738781,,-17.77140626965083,,10.464018462263018,0.0,1.0,1,0,
a3_d60,all_unique_users,36,11.769111855502812,26.928471954139265,-1.6521657482533172,24.50723147428515,13.421277603756133,87.0,3.971919068135321e-05,36,25,0.00015887676272541285
a3_d60,1,10,16.808912546546587,16.93137028083747,8.235161901040502,14.086265292727887,8.573750645506085,14.0,0.193359375,10,7,
a3_d60,3,1,51.47027608697439,,7.579648732753819,,43.89062735422057,0.0,1.0,1,1,
a3_d60,6,9,23.193664989437455,27.364823957646635,0.45001993173077737,19.204516911199562,22.743645057706676,3.0,0.01953125,9,7,
a3_d60,32,1,4.166507039333683,,5.718377961108106,,-1.551870921774423,0.0,1.0,1,1,
a3_d60,34,2,8.240928304212055,10.724028914905022,1.125158039538611,8.668521420437841,7.115770264673445,0.0,0.5,2,2,
a3_d60,47,7,-1.4654904362997283,15.396104247013511,-7.852634840482253,19.387443484766344,6.387144404182527,3.0,0.078125,7,4,
a3_d60,71,2,-4.715021015570091,92.52235357738253,-8.907037743294328,97.48462804625724,4.192016727724237,0.0,0.5,2,1,
a3_d60,73,1,1.1982401656314756,,-2.0460281147551718,,3.244268280386647,0.0,1.0,1,1,
a3_d60,74,1,-7.30738780738781,,-17.77140626965083,,10.464018462263018,0.0,1.0,1,0,
a3_d60,85,1,-23.336820587645622,,-50.19072408709615,,26.853903499450528,0.0,1.0,1,0,
a3_d60,88,1,23.8717200076064,,-18.637430264574007,,42.509150272180406,0.0,1.0,1,1,
