design,kind,removed_pool,removed_old,removed_recent,removed_reference,rho_old,rho_recent,delta_rho
A,single_opponent_removal,old_pool,937,,,0.8728715609439696,0.9221722216732094,0.04930066072923989
A,single_opponent_removal,old_pool,11801,,,0.8728715609439696,0.9221722216732094,0.04930066072923989
A,single_opponent_removal,old_pool,12012,,,0.5773502691896258,0.9221722216732094,0.3448219524835836
A,single_opponent_removal,recent_pool,,25709,,0.8728715609439696,0.8982196964349441,0.025348135490974588
A,single_opponent_removal,recent_pool,,25727,,0.8728715609439696,0.9157291161525718,0.04285755520860224
A,single_opponent_removal,recent_pool,,25728,,0.8728715609439696,0.9221722216732094,0.04930066072923989
A,single_opponent_removal,reference_pool,,,12335,0.8728715609439696,0.9221722216732094,0.04930066072923989
A,single_opponent_removal,reference_pool,,,14452,0.8728715609439696,0.9221722216732094,0.04930066072923989
A,single_opponent_removal,reference_pool,,,14497,0.8728715609439696,0.9221722216732094,0.04930066072923989
A,single_opponent_removal,reference_pool,,,14511,0.8728715609439696,0.9221722216732094,0.04930066072923989
A,single_opponent_removal,reference_pool,,,14612,0.8728715609439696,0.9221722216732094,0.04930066072923989
A,single_opponent_removal,reference_pool,,,14763,0.8781140799175227,0.9518072289156626,0.07369314899813995
A,single_opponent_removal,reference_pool,,,14783,0.8728715609439696,0.9221722216732094,0.04930066072923989
A,single_opponent_removal,reference_pool,,,15842,0.8728715609439696,0.9221722216732094,0.04930066072923989
A,single_opponent_removal,reference_pool,,,21913,0.8728715609439696,0.9221722216732094,0.04930066072923989
A,single_opponent_removal,reference_pool,,,21962,0.8728715609439696,0.9221722216732094,0.04930066072923989
A,balanced_old_recent_removal,old_and_recent,937,25709,,0.8728715609439696,0.8982196964349441,0.025348135490974588
A,balanced_old_recent_removal,old_and_recent,937,25727,,0.8728715609439696,0.9157291161525718,0.04285755520860224
A,balanced_old_recent_removal,old_and_recent,937,25728,,0.8728715609439696,0.9221722216732094,0.04930066072923989
A,balanced_old_recent_removal,old_and_recent,11801,25709,,0.8728715609439696,0.8982196964349441,0.025348135490974588
A,balanced_old_recent_removal,old_and_recent,11801,25727,,0.8728715609439696,0.9157291161525718,0.04285755520860224
A,balanced_old_recent_removal,old_and_recent,11801,25728,,0.8728715609439696,0.9221722216732094,0.04930066072923989
A,balanced_old_recent_removal,old_and_recent,12012,25709,,0.5773502691896258,0.8982196964349441,0.3208694272453183
A,balanced_old_recent_removal,old_and_recent,12012,25727,,0.5773502691896258,0.9157291161525718,0.33837884696294596
A,balanced_old_recent_removal,old_and_recent,12012,25728,,0.5773502691896258,0.9221722216732094,0.3448219524835836
B,single_opponent_removal,old_pool,12352,,,0.9442278671275492,0.8676688508739642,-0.07655901625358508
B,single_opponent_removal,old_pool,12463,,,0.842149178789436,0.8676688508739642,0.02551967208452821
B,single_opponent_removal,old_pool,12470,,,0.9187081950430209,0.8676688508739642,-0.051039344169056755
B,single_opponent_removal,recent_pool,,23272,,0.8992854437229385,0.8931885229584926,-0.006096920764445901
B,single_opponent_removal,recent_pool,,23395,,0.8992854437229385,0.8676688508739642,-0.031616592848974334
B,single_opponent_removal,recent_pool,,23813,,0.8992854437229385,0.8676688508739642,-0.031616592848974334
B,single_opponent_removal,reference_pool,,,12481,0.9378262484539215,0.9187081950430209,-0.01911805341090056
B,single_opponent_removal,reference_pool,,,12666,0.8992854437229385,0.8676688508739642,-0.031616592848974334
B,single_opponent_removal,reference_pool,,,12843,0.8853647261417319,0.8472686738391099,-0.03809605230262203
B,single_opponent_removal,reference_pool,,,13319,0.9378262484539215,0.9187081950430209,-0.01911805341090056
B,single_opponent_removal,reference_pool,,,13415,0.915991864532874,0.8837879163470619,-0.03220394818581207
B,single_opponent_removal,reference_pool,,,13488,0.95524865872714,0.9357754408380654,-0.019473217889074634
B,single_opponent_removal,reference_pool,,,13498,0.8992854437229385,0.8676688508739642,-0.031616592848974334
B,single_opponent_removal,reference_pool,,,13503,0.8992854437229385,0.8676688508739642,-0.031616592848974334
B,single_opponent_removal,reference_pool,,,13727,0.8992854437229385,0.8676688508739642,-0.031616592848974334
B,single_opponent_removal,reference_pool,,,13887,0.9241398236369903,0.8986182904354194,-0.025521533201570912
B,balanced_old_recent_removal,old_and_recent,12352,23272,,0.9442278671275492,0.8931885229584926,-0.051039344169056644
B,balanced_old_recent_removal,old_and_recent,12352,23395,,0.9442278671275492,0.8676688508739642,-0.07655901625358508
B,balanced_old_recent_removal,old_and_recent,12352,23813,,0.9442278671275492,0.8676688508739642,-0.07655901625358508
B,balanced_old_recent_removal,old_and_recent,12463,23272,,0.842149178789436,0.8931885229584926,0.051039344169056644
B,balanced_old_recent_removal,old_and_recent,12463,23395,,0.842149178789436,0.8676688508739642,0.02551967208452821
B,balanced_old_recent_removal,old_and_recent,12463,23813,,0.842149178789436,0.8676688508739642,0.02551967208452821
B,balanced_old_recent_removal,old_and_recent,12470,23272,,0.9187081950430209,0.8931885229584926,-0.025519672084528322
B,balanced_old_recent_removal,old_and_recent,12470,23395,,0.9187081950430209,0.8676688508739642,-0.051039344169056755
B,balanced_old_recent_removal,old_and_recent,12470,23813,,0.9187081950430209,0.8676688508739642,-0.051039344169056755
C,single_opponent_removal,old_pool,937,,,0.9697815168769668,0.9581010095306071,-0.011680507346359725
C,single_opponent_removal,old_pool,11801,,,0.9697815168769668,0.9581010095306071,-0.011680507346359725
C,single_opponent_removal,old_pool,12012,,,0.6390096504226939,0.9581010095306071,0.3190913591079132
C,single_opponent_removal,old_pool,12335,,,0.8728715609439696,0.9581010095306071,0.0852294485866375
C,single_opponent_removal,old_pool,14452,,,0.9697815168769668,0.9581010095306071,-0.011680507346359725
C,single_opponent_removal,recent_pool,,21913,,0.9697815168769668,0.9518763181059627,-0.01790519877100405
C,single_opponent_removal,recent_pool,,21962,,0.9697815168769668,0.9285714285714287,-0.04121008830553807
C,single_opponent_removal,recent_pool,,25709,,0.9697815168769668,0.9761904761904763,0.006408959313509488
C,single_opponent_removal,recent_pool,,25727,,0.9697815168769668,0.9761904761904763,0.006408959313509488
C,single_opponent_removal,recent_pool,,25728,,0.9697815168769668,0.9761904761904763,0.006408959313509488
C,single_opponent_removal,reference_pool,,,14497,0.9697815168769668,0.9581010095306071,-0.011680507346359725
C,single_opponent_removal,reference_pool,,,14612,0.9697815168769668,0.9581010095306071,-0.011680507346359725
C,single_opponent_removal,reference_pool,,,14649,0.9697815168769668,0.9581010095306071,-0.011680507346359725
C,single_opponent_removal,reference_pool,,,14763,0.8521116419926434,0.9156626506024095,0.06355100860976604
C,single_opponent_removal,reference_pool,,,15842,0.9697815168769668,0.9581010095306071,-0.011680507346359725
C,balanced_old_recent_removal,old_and_recent,937,21913,,0.9697815168769668,0.9518763181059627,-0.01790519877100405
C,balanced_old_recent_removal,old_and_recent,937,21962,,0.9697815168769668,0.9285714285714287,-0.04121008830553807
C,balanced_old_recent_removal,old_and_recent,937,25709,,0.9697815168769668,0.9761904761904763,0.006408959313509488
C,balanced_old_recent_removal,old_and_recent,937,25727,,0.9697815168769668,0.9761904761904763,0.006408959313509488
C,balanced_old_recent_removal,old_and_recent,937,25728,,0.9697815168769668,0.9761904761904763,0.006408959313509488
C,balanced_old_recent_removal,old_and_recent,11801,21913,,0.9697815168769668,0.9518763181059627,-0.01790519877100405
C,balanced_old_recent_removal,old_and_recent,11801,21962,,0.9697815168769668,0.9285714285714287,-0.04121008830553807
C,balanced_old_recent_removal,old_and_recent,11801,25709,,0.9697815168769668,0.9761904761904763,0.006408959313509488
C,balanced_old_recent_removal,old_and_recent,11801,25727,,0.9697815168769668,0.9761904761904763,0.006408959313509488
C,balanced_old_recent_removal,old_and_recent,11801,25728,,0.9697815168769668,0.9761904761904763,0.006408959313509488
C,balanced_old_recent_removal,old_and_recent,12012,21913,,0.6390096504226939,0.9518763181059627,0.3128666676832689
C,balanced_old_recent_removal,old_and_recent,12012,21962,,0.6390096504226939,0.9285714285714287,0.28956177814873485
C,balanced_old_recent_removal,old_and_recent,12012,25709,,0.6390096504226939,0.9761904761904763,0.3371808257677824
C,balanced_old_recent_removal,old_and_recent,12012,25727,,0.6390096504226939,0.9761904761904763,0.3371808257677824
C,balanced_old_recent_removal,old_and_recent,12012,25728,,0.6390096504226939,0.9761904761904763,0.3371808257677824
C,balanced_old_recent_removal,old_and_recent,12335,21913,,0.8728715609439696,0.9518763181059627,0.07900475716199318
C,balanced_old_recent_removal,old_and_recent,12335,21962,,0.8728715609439696,0.9285714285714287,0.055699867627459154
C,balanced_old_recent_removal,old_and_recent,12335,25709,,0.8728715609439696,0.9761904761904763,0.10331891524650672
C,balanced_old_recent_removal,old_and_recent,12335,25727,,0.8728715609439696,0.9761904761904763,0.10331891524650672
C,balanced_old_recent_removal,old_and_recent,12335,25728,,0.8728715609439696,0.9761904761904763,0.10331891524650672
C,balanced_old_recent_removal,old_and_recent,14452,21913,,0.9697815168769668,0.9518763181059627,-0.01790519877100405
C,balanced_old_recent_removal,old_and_recent,14452,21962,,0.9697815168769668,0.9285714285714287,-0.04121008830553807
C,balanced_old_recent_removal,old_and_recent,14452,25709,,0.9697815168769668,0.9761904761904763,0.006408959313509488
C,balanced_old_recent_removal,old_and_recent,14452,25727,,0.9697815168769668,0.9761904761904763,0.006408959313509488
C,balanced_old_recent_removal,old_and_recent,14452,25728,,0.9697815168769668,0.9761904761904763,0.006408959313509488
