env_id,env_name,user_id,n_versions,initial_winrate,final_winrate,best_model,best_r2,paper_tier
74,olympics-wrestling,5,16,0.076,0.12,linear,0.017,Low
74,olympics-wrestling,458,5,0.5,0.552,linear,0.226,High
74,olympics-wrestling,527,19,1.0,1.0,log,0.021,High
74,olympics-wrestling,862,11,0.667,0.445,linear,0.02,Low
74,olympics-wrestling,1062,9,0.111,0.738,log,0.036,High
74,olympics-wrestling,1126,16,0.6,0.875,linear,0.5,High
74,olympics-wrestling,1563,15,0.683,0.0,linear,0.237,Low
74,olympics-wrestling,1567,5,0.0,0.557,log,0.632,High
74,olympics-wrestling,1953,7,0.0,0.533,log,0.493,Mid
74,olympics-wrestling,2462,31,0.667,1.0,linear,0.017,High
74,olympics-wrestling,2542,4,0.182,0.144,log,0.119,Low
74,olympics-wrestling,2551,3,0.806,0.464,linear,0.479,Mid
74,olympics-wrestling,2707,3,0.077,0.103,power,0.067,Low
74,olympics-wrestling,2816,7,0.273,0.643,power,0.487,High
74,olympics-wrestling,3088,7,0.735,0.704,linear,0.161,High
74,olympics-wrestling,3155,15,0.625,0.929,power,0.245,High
74,olympics-wrestling,3170,19,0.8,0.612,linear,0.012,High
74,olympics-wrestling,3180,49,0.589,0.983,log,0.001,High
74,olympics-wrestling,3246,27,0.889,0.572,log,0.035,High
74,olympics-wrestling,3301,5,0.468,0.909,linear,0.495,High
74,olympics-wrestling,3317,24,0.0,0.717,linear,0.207,High
74,olympics-wrestling,3362,23,0.111,0.575,power,0.037,High
74,olympics-wrestling,3380,7,0.0,0.474,linear,0.375,Mid
74,olympics-wrestling,3424,5,0.0,0.517,log,0.442,Mid
74,olympics-wrestling,3491,11,1.0,1.0,linear,0.067,High
74,olympics-wrestling,3664,19,0.077,1.0,log,0.534,High
74,olympics-wrestling,3679,27,0.917,0.746,log,0.014,High
74,olympics-wrestling,3747,3,0.05,0.286,linear,0.835,Low
74,olympics-wrestling,3755,35,0.8,0.643,log,0.002,High
74,olympics-wrestling,3773,3,0.238,0.494,linear,0.63,Mid
74,olympics-wrestling,3782,21,0.392,0.111,log,0.163,Low
74,olympics-wrestling,3798,5,0.55,0.426,linear,0.302,Low
74,olympics-wrestling,3815,5,0.217,0.557,power,0.432,High
74,olympics-wrestling,3832,3,0.321,0.616,linear,0.536,High
74,olympics-wrestling,3845,3,0.195,0.554,linear,0.657,High
74,olympics-wrestling,3855,6,0.381,0.378,linear,0.062,Low
74,olympics-wrestling,3856,4,0.24,0.509,linear,0.431,Mid
74,olympics-wrestling,3863,5,0.731,0.446,log,0.042,Low
74,olympics-wrestling,3867,22,0.346,0.401,linear,0.034,Low
74,olympics-wrestling,3876,17,0.469,0.273,log,0.003,Low
74,olympics-wrestling,3880,4,0.444,0.384,log,0.95,Low
74,olympics-wrestling,3881,12,0.396,0.421,log,0.085,Low
74,olympics-wrestling,3902,27,0.214,0.763,linear,0.055,High
74,olympics-wrestling,3904,5,0.435,0.392,linear,0.002,Low
74,olympics-wrestling,3911,3,0.375,0.467,linear,0.072,Mid
74,olympics-wrestling,3921,30,0.0,0.468,linear,0.355,Mid
74,olympics-wrestling,3928,3,0.335,0.54,linear,0.257,Mid
74,olympics-wrestling,3938,4,0.201,0.437,linear,0.956,Low
74,olympics-wrestling,3940,10,0.368,0.497,linear,0.265,Mid
74,olympics-wrestling,3944,9,0.397,0.467,log,0.37,Mid
74,olympics-wrestling,3953,3,0.427,0.302,linear,0.053,Low
74,olympics-wrestling,3957,4,0.263,0.538,power,0.545,Mid
74,olympics-wrestling,3960,6,0.291,0.432,linear,0.107,Low
74,olympics-wrestling,3964,3,0.423,0.483,power,0.095,Mid
74,olympics-wrestling,3969,6,0.196,0.435,log,0.002,Low
74,olympics-wrestling,3972,9,0.5,0.437,linear,0.099,Low
74,olympics-wrestling,3981,4,0.364,0.474,linear,0.39,Mid
74,olympics-wrestling,3983,18,0.607,0.173,linear,0.02,Low
74,olympics-wrestling,3991,8,0.212,0.124,linear,0.127,Low
74,olympics-wrestling,3996,3,0.08,0.461,power,0.839,Low
74,olympics-wrestling,4011,27,0.867,0.508,linear,0.006,Mid
74,olympics-wrestling,4027,4,0.107,0.136,power,0.119,Low
74,olympics-wrestling,4032,12,0.133,0.548,linear,0.051,Mid
74,olympics-wrestling,4067,3,0.545,0.464,log,0.166,Mid
74,olympics-wrestling,4070,81,0.154,0.011,log,0.033,Low
74,olympics-wrestling,4078,3,0.4,0.257,power,1.0,Low
74,olympics-wrestling,4086,3,0.263,0.675,power,0.833,High
74,olympics-wrestling,4101,633,0.222,0.89,log,0.104,High
74,olympics-wrestling,4107,14,0.0,0.353,log,0.121,Low
74,olympics-wrestling,4184,17,0.458,1.0,linear,0.337,High
74,olympics-wrestling,4209,89,0.75,0.88,linear,0.017,High
74,olympics-wrestling,4218,177,0.0,0.882,linear,0.022,High
74,olympics-wrestling,4396,3,0.6,0.35,linear,0.75,Low
74,olympics-wrestling,4436,8,0.0,0.793,log,0.489,High
74,olympics-wrestling,4445,6,0.0,0.337,log,0.712,Low
74,olympics-wrestling,4450,3,0.0,0.679,log,0.728,High
74,olympics-wrestling,4457,80,0.6,0.892,log,0.223,High
74,olympics-wrestling,4459,12,0.0,0.5,linear,0.001,Mid
1,snakes_1v1,5,4,0.543,0.108,linear,0.903,Low
1,snakes_1v1,59,10,0.0,0.732,log,0.361,High
1,snakes_1v1,64,4,0.534,0.483,log,0.063,Mid
1,snakes_1v1,153,4,0.0,0.481,log,0.74,Mid
1,snakes_1v1,161,4,0.556,0.497,linear,0.828,Mid
1,snakes_1v1,191,29,0.25,0.57,linear,0.001,High
1,snakes_1v1,192,7,0.656,0.512,log,0.126,Mid
1,snakes_1v1,194,16,1.0,0.521,log,0.007,Mid
1,snakes_1v1,202,16,0.0,0.529,log,0.482,Mid
1,snakes_1v1,203,5,0.0,0.455,linear,0.734,Low
1,snakes_1v1,204,16,1.0,0.504,log,0.061,Mid
1,snakes_1v1,205,19,0.333,0.439,linear,0.127,Low
1,snakes_1v1,206,7,0.47,0.483,log,0.012,Mid
1,snakes_1v1,208,24,0.0,0.5,log,0.088,Mid
1,snakes_1v1,212,10,0.5,0.511,log,0.065,Mid
1,snakes_1v1,213,6,0.523,0.503,linear,0.012,Mid
1,snakes_1v1,214,21,0.607,0.533,linear,0.042,Mid
1,snakes_1v1,215,11,0.0,0.512,linear,0.372,Mid
1,snakes_1v1,216,3,0.0,0.468,log,0.826,Mid
1,snakes_1v1,217,6,0.6,0.464,linear,0.298,Mid
1,snakes_1v1,218,6,0.339,0.407,log,0.026,Low
1,snakes_1v1,219,4,0.346,0.375,linear,0.121,Low
1,snakes_1v1,239,5,0.0,0.514,log,0.582,Mid
1,snakes_1v1,240,3,1.0,0.716,power,0.877,High
1,snakes_1v1,250,4,0.75,0.498,log,0.199,Mid
1,snakes_1v1,279,9,0.527,0.503,log,0.069,Mid
1,snakes_1v1,285,16,0.625,0.51,linear,0.086,Mid
1,snakes_1v1,288,3,0.516,0.508,log,0.015,Mid
1,snakes_1v1,374,3,0.507,0.475,log,0.226,Mid
1,snakes_1v1,420,27,0.5,0.326,linear,0.0,Low
1,snakes_1v1,458,9,0.515,0.537,log,0.027,Mid
1,snakes_1v1,468,3,0.567,0.471,power,0.945,Mid
1,snakes_1v1,471,8,0.47,0.514,power,0.011,Mid
1,snakes_1v1,489,39,0.0,0.695,log,0.043,High
1,snakes_1v1,501,39,0.0,0.57,log,0.086,High
1,snakes_1v1,546,12,0.958,0.598,log,0.024,High
1,snakes_1v1,570,3,0.511,0.559,linear,0.006,High
1,snakes_1v1,571,4,0.54,0.515,log,0.226,Mid
1,snakes_1v1,573,3,0.0,0.293,log,0.483,Low
1,snakes_1v1,599,3,0.394,0.273,log,0.193,Low
1,snakes_1v1,649,3,0.0,0.503,log,0.902,Mid
1,snakes_1v1,787,4,0.0,0.502,log,0.885,Mid
1,snakes_1v1,807,3,0.0,0.405,linear,0.75,Low
1,snakes_1v1,933,4,0.0,0.432,linear,0.6,Low
1,snakes_1v1,941,4,0.25,0.5,linear,0.715,Mid
1,snakes_1v1,993,16,0.0,0.522,log,0.247,Mid
1,snakes_1v1,1005,5,0.0,0.495,linear,0.499,Mid
1,snakes_1v1,1036,5,0.514,0.501,linear,0.105,Mid
1,snakes_1v1,1062,10,1.0,0.56,log,0.18,High
1,snakes_1v1,1075,10,0.0,0.45,log,0.554,Low
1,snakes_1v1,1177,3,0.75,0.51,log,0.796,Mid
1,snakes_1v1,1192,4,0.512,0.499,log,0.045,Mid
1,snakes_1v1,1261,7,0.318,0.556,linear,0.471,High
1,snakes_1v1,1268,12,0.508,0.479,log,0.131,Mid
1,snakes_1v1,1564,5,0.375,0.498,power,0.339,Mid
1,snakes_1v1,1599,5,0.75,0.506,log,0.371,Mid
1,snakes_1v1,1682,5,0.52,0.473,linear,0.09,Mid
1,snakes_1v1,1685,6,0.45,0.529,power,0.384,Mid
1,snakes_1v1,1686,3,0.533,0.498,log,0.219,Mid
1,snakes_1v1,1712,3,0.5,0.489,log,0.052,Mid
1,snakes_1v1,1730,7,0.497,0.513,linear,0.083,Mid
1,snakes_1v1,1805,4,0.394,0.503,linear,0.026,Mid
1,snakes_1v1,1807,5,0.467,0.51,linear,0.889,Mid
1,snakes_1v1,1879,15,0.0,0.514,linear,0.503,Mid
1,snakes_1v1,1890,4,0.5,0.502,linear,0.077,Mid
1,snakes_1v1,1900,5,0.412,0.256,linear,0.333,Low
1,snakes_1v1,2049,6,0.492,0.58,power,0.1,High
1,snakes_1v1,2072,6,0.499,0.386,linear,0.031,Low
1,snakes_1v1,2117,8,0.35,0.383,linear,0.021,Low
1,snakes_1v1,2165,3,0.544,0.517,log,0.488,Mid
1,snakes_1v1,2179,5,0.0,0.508,log,0.636,Mid
1,snakes_1v1,2265,3,0.625,0.445,linear,0.215,Low
1,snakes_1v1,2281,11,0.0,0.532,log,0.126,Mid
1,snakes_1v1,2291,4,1.0,0.518,log,0.529,Mid
1,snakes_1v1,2307,3,0.397,0.414,linear,0.189,Low
1,snakes_1v1,2378,3,0.504,0.526,linear,0.287,Mid
1,snakes_1v1,2391,6,0.0,0.523,log,0.498,Mid
1,snakes_1v1,2392,3,0.524,0.518,log,0.097,Mid
1,snakes_1v1,2409,3,0.0,0.501,log,0.868,Mid
1,snakes_1v1,2428,6,0.51,0.557,linear,0.261,High
1,snakes_1v1,2433,5,0.472,0.538,linear,0.204,Mid
1,snakes_1v1,2445,3,0.0,0.506,linear,0.75,Mid
1,snakes_1v1,2605,70,0.5,0.511,log,0.03,Mid
1,snakes_1v1,2651,16,0.333,0.118,log,0.28,Low
1,snakes_1v1,2743,3,0.833,0.497,log,0.284,Mid
1,snakes_1v1,2777,97,0.0,0.565,linear,0.047,High
1,snakes_1v1,2782,62,0.0,0.495,linear,0.038,Mid
1,snakes_1v1,2797,4,0.25,0.525,linear,0.423,Mid
1,snakes_1v1,2964,29,0.633,0.432,linear,0.025,Low
1,snakes_1v1,3228,4,0.0,0.45,log,0.649,Low
1,snakes_1v1,3229,3,0.111,0.167,power,0.136,Low
1,snakes_1v1,3676,10,0.0,0.443,log,0.407,Low
1,snakes_1v1,3795,11,1.0,0.576,log,0.41,High
1,snakes_1v1,3845,21,0.654,0.489,log,0.005,Mid
1,snakes_1v1,3991,39,0.2,0.676,log,0.094,High
1,snakes_1v1,4027,20,0.3,0.696,log,0.134,High
1,snakes_1v1,4032,60,0.333,0.513,log,0.023,Mid
1,snakes_1v1,4158,3,0.0,0.453,linear,0.995,Low
1,snakes_1v1,4159,43,0.375,0.71,linear,0.15,High
1,snakes_1v1,4186,21,0.0,0.524,log,0.164,Mid
1,snakes_1v1,4189,3,0.0,0.539,log,0.985,Mid
1,snakes_1v1,4255,8,0.357,0.625,linear,0.219,High
1,snakes_1v1,4257,3,0.75,0.374,log,0.801,Low
1,snakes_1v1,4258,7,0.7,0.782,log,0.047,High
1,snakes_1v1,4261,3,0.3,0.378,power,0.778,Low
1,snakes_1v1,4265,5,0.086,0.48,power,0.322,Mid
1,snakes_1v1,4270,6,0.583,0.944,linear,0.357,High
1,snakes_1v1,4278,4,0.667,0.566,log,0.188,High
1,snakes_1v1,4281,9,0.5,0.553,log,0.108,High
1,snakes_1v1,4284,15,0.0,0.371,linear,0.218,Low
1,snakes_1v1,4287,6,0.0,0.108,log,0.282,Low
1,snakes_1v1,4302,21,0.0,0.363,linear,0.281,Low
1,snakes_1v1,4303,5,0.5,0.539,linear,0.032,Mid
1,snakes_1v1,4311,7,0.4,0.716,linear,0.006,High
1,snakes_1v1,4312,284,0.0,0.382,linear,0.057,Low
1,snakes_1v1,4313,12,0.0,0.439,log,0.018,Low
1,snakes_1v1,4314,111,0.5,0.405,log,0.001,Low
1,snakes_1v1,4317,6,0.75,0.719,power,0.117,High
1,snakes_1v1,4319,9,0.0,0.696,linear,0.434,High
1,snakes_1v1,4320,5,0.25,0.362,linear,0.463,Low
1,snakes_1v1,4324,3,0.0,0.412,log,0.939,Low
1,snakes_1v1,4337,3,0.125,0.498,power,0.865,Mid
1,snakes_1v1,4339,13,0.8,0.448,linear,0.016,Low
1,snakes_1v1,4355,9,0.0,0.452,linear,0.863,Low
1,snakes_1v1,4362,51,0.667,0.5,linear,0.081,Mid
6,snakes_3v3,5,3,0.059,0.362,power,0.855,Low
6,snakes_3v3,59,19,0.0,0.847,linear,0.125,High
6,snakes_3v3,130,4,0.0,0.065,linear,0.6,Low
6,snakes_3v3,136,3,0.0,0.368,log,0.534,Low
6,snakes_3v3,142,3,0.138,0.493,log,0.964,Mid
6,snakes_3v3,143,3,0.212,0.49,log,0.919,Mid
6,snakes_3v3,144,7,0.142,0.488,log,0.909,Mid
6,snakes_3v3,145,3,0.469,0.501,power,0.198,Mid
6,snakes_3v3,168,11,0.5,0.484,linear,0.128,Mid
6,snakes_3v3,183,6,0.0,0.341,log,0.436,Low
6,snakes_3v3,213,4,0.714,0.748,power,0.258,High
6,snakes_3v3,214,11,0.75,0.662,power,0.001,High
6,snakes_3v3,230,5,0.642,0.339,log,0.504,Low
6,snakes_3v3,240,20,0.705,0.873,linear,0.023,High
6,snakes_3v3,296,16,0.5,0.44,linear,0.07,Low
6,snakes_3v3,353,12,0.0,0.515,log,0.297,Mid
6,snakes_3v3,358,9,0.507,0.51,linear,0.047,Mid
6,snakes_3v3,361,6,0.167,0.497,linear,0.656,Mid
6,snakes_3v3,364,12,0.0,0.489,log,0.411,Mid
6,snakes_3v3,374,6,0.501,0.613,linear,0.372,High
6,snakes_3v3,390,6,0.625,0.343,log,0.28,Low
6,snakes_3v3,549,6,0.534,0.265,log,0.511,Low
6,snakes_3v3,571,4,0.0,0.494,log,0.671,Mid
6,snakes_3v3,572,3,0.486,0.474,log,0.008,Mid
6,snakes_3v3,573,7,0.333,0.501,linear,0.006,Mid
6,snakes_3v3,592,11,0.489,0.523,linear,0.06,Mid
6,snakes_3v3,761,12,0.417,0.419,linear,0.031,Low
6,snakes_3v3,954,4,0.929,0.681,log,0.721,High
6,snakes_3v3,993,13,0.46,0.369,linear,0.34,Low
6,snakes_3v3,1062,30,0.0,0.906,log,0.031,High
6,snakes_3v3,1090,7,0.5,0.487,linear,0.266,Mid
6,snakes_3v3,1091,12,0.188,0.489,linear,0.011,Mid
6,snakes_3v3,1101,4,0.062,0.858,linear,0.538,High
6,snakes_3v3,1177,3,0.0,0.294,linear,0.958,Low
6,snakes_3v3,1261,7,0.477,0.554,power,0.198,High
6,snakes_3v3,1325,4,0.0,0.35,log,0.716,Low
6,snakes_3v3,1510,30,0.433,0.37,log,0.013,Low
6,snakes_3v3,1540,15,0.0,0.539,log,0.038,Mid
6,snakes_3v3,1682,4,0.408,0.414,log,0.034,Low
6,snakes_3v3,1688,8,0.458,0.481,linear,0.04,Mid
6,snakes_3v3,1697,27,0.0,0.435,linear,0.011,Low
6,snakes_3v3,1705,8,0.062,0.501,log,0.097,Mid
6,snakes_3v3,1708,4,0.587,0.578,log,0.126,High
6,snakes_3v3,1745,12,0.505,0.492,log,0.263,Mid
6,snakes_3v3,1808,6,0.5,0.467,linear,0.143,Mid
6,snakes_3v3,1827,3,0.357,0.325,linear,0.048,Low
6,snakes_3v3,1843,5,0.477,0.486,linear,0.045,Mid
6,snakes_3v3,1943,4,0.0,0.763,linear,0.896,High
6,snakes_3v3,2068,4,0.52,0.26,log,0.677,Low
6,snakes_3v3,2132,7,0.05,0.288,linear,0.202,Low
6,snakes_3v3,2277,4,0.375,0.478,power,0.136,Mid
6,snakes_3v3,2291,17,0.729,0.727,log,0.019,High
6,snakes_3v3,2305,3,0.591,0.473,log,0.111,Mid
6,snakes_3v3,2320,6,0.527,0.499,linear,0.071,Mid
6,snakes_3v3,2352,4,0.0,0.448,linear,0.78,Low
6,snakes_3v3,2363,4,0.25,0.427,linear,0.001,Low
6,snakes_3v3,2497,18,0.0,0.459,log,0.317,Low
6,snakes_3v3,2514,5,0.5,0.504,log,0.126,Mid
6,snakes_3v3,2524,11,0.5,0.557,log,0.064,High
6,snakes_3v3,2587,17,0.025,0.344,power,0.539,Low
6,snakes_3v3,2637,4,0.667,0.45,linear,0.53,Low
6,snakes_3v3,2642,10,0.75,0.521,log,0.144,Mid
6,snakes_3v3,2644,11,0.147,0.331,power,0.612,Low
6,snakes_3v3,2646,3,0.528,0.427,log,0.31,Low
6,snakes_3v3,2667,4,0.938,0.857,log,0.065,High
6,snakes_3v3,2685,10,0.136,0.327,linear,0.642,Low
6,snakes_3v3,2714,3,0.75,0.845,power,0.689,High
6,snakes_3v3,2724,3,0.15,0.437,power,0.79,Low
6,snakes_3v3,2726,8,0.409,0.839,power,0.06,High
6,snakes_3v3,2791,38,0.647,0.566,log,0.014,High
6,snakes_3v3,2853,13,0.524,0.547,linear,0.068,Mid
6,snakes_3v3,2897,18,0.789,0.817,linear,0.272,High
6,snakes_3v3,2899,9,0.071,0.864,log,0.642,High
6,snakes_3v3,2905,7,0.658,0.807,linear,0.141,High
6,snakes_3v3,2936,20,0.333,0.861,linear,0.006,High
6,snakes_3v3,2937,3,0.0,0.836,log,0.981,High
6,snakes_3v3,2941,16,0.333,0.382,linear,0.009,Low
6,snakes_3v3,2945,10,0.357,0.349,linear,0.183,Low
6,snakes_3v3,2950,24,0.625,0.726,linear,0.058,High
6,snakes_3v3,2954,10,0.625,0.73,power,0.275,High
6,snakes_3v3,2957,4,0.25,0.068,power,0.048,Low
6,snakes_3v3,2958,119,0.312,0.459,log,0.277,Low
6,snakes_3v3,2959,7,0.833,0.705,log,0.007,High
6,snakes_3v3,2961,12,0.411,0.817,log,0.67,High
6,snakes_3v3,2963,13,0.353,0.739,linear,0.241,High
6,snakes_3v3,2971,4,0.7,0.692,linear,0.14,High
6,snakes_3v3,2974,7,0.731,0.847,power,0.634,High
6,snakes_3v3,2977,43,0.148,0.537,linear,0.331,Mid
6,snakes_3v3,2988,10,0.28,0.47,linear,0.061,Mid
6,snakes_3v3,2990,8,0.159,0.29,linear,0.141,Low
6,snakes_3v3,3016,25,0.048,0.517,log,0.48,Mid
6,snakes_3v3,3028,91,0.533,0.473,log,0.046,Mid
6,snakes_3v3,3032,12,0.071,0.317,power,0.424,Low
6,snakes_3v3,3038,6,0.125,0.097,log,0.351,Low
6,snakes_3v3,3040,8,0.5,0.503,log,0.139,Mid
6,snakes_3v3,3046,3,0.0,0.485,log,0.888,Mid
6,snakes_3v3,3052,29,0.667,0.552,linear,0.136,High
6,snakes_3v3,3787,11,0.083,0.396,linear,0.398,Low
6,snakes_3v3,3793,4,0.55,0.529,log,0.222,Mid
6,snakes_3v3,3803,6,0.762,0.851,log,0.017,High
6,snakes_3v3,3811,5,0.115,0.809,log,0.279,High
6,snakes_3v3,3996,24,0.25,0.856,power,0.351,High
6,snakes_3v3,4051,19,0.0,0.876,log,0.748,High
6,snakes_3v3,4113,29,0.2,0.884,linear,0.541,High
6,snakes_3v3,4122,5,0.591,0.344,log,0.03,Low
6,snakes_3v3,4155,23,0.026,0.473,linear,0.358,Mid
6,snakes_3v3,4165,18,0.125,0.535,linear,0.287,Mid
6,snakes_3v3,4167,43,0.167,0.81,log,0.418,High
6,snakes_3v3,4721,26,0.571,0.88,linear,0.551,High
6,snakes_3v3,4725,4,0.0,0.503,linear,0.642,Mid
6,snakes_3v3,4748,72,0.111,0.561,log,0.145,High
6,snakes_3v3,4764,19,0.0,0.526,log,0.193,Mid
6,snakes_3v3,4769,6,0.609,0.694,linear,0.184,High
6,snakes_3v3,4793,6,0.286,0.283,log,0.256,Low
6,snakes_3v3,4809,8,1.0,0.875,log,0.096,High
6,snakes_3v3,4828,7,0.714,0.718,power,0.196,High
6,snakes_3v3,4834,122,0.2,0.581,log,0.02,High
6,snakes_3v3,4840,10,0.286,0.065,linear,0.134,Low
6,snakes_3v3,4843,15,0.3,0.166,log,0.012,Low
6,snakes_3v3,4844,11,0.5,0.682,power,0.004,High
6,snakes_3v3,4848,12,0.4,0.217,linear,0.039,Low
6,snakes_3v3,4856,12,0.6,0.52,log,0.126,Mid
6,snakes_3v3,4873,3,0.444,0.505,power,0.143,Mid
6,snakes_3v3,4875,5,0.25,0.489,linear,0.433,Mid
88,olympics-integrated,5,7,0.35,0.292,linear,0.067,Low
88,olympics-integrated,240,13,0.295,0.605,linear,0.036,High
88,olympics-integrated,257,6,0.34,0.629,linear,0.002,High
88,olympics-integrated,527,3,0.525,0.314,linear,0.386,Low
88,olympics-integrated,746,3,0.438,0.467,linear,0.01,Mid
88,olympics-integrated,1062,8,0.094,0.726,linear,0.765,High
88,olympics-integrated,1126,10,0.84,0.552,power,0.04,High
88,olympics-integrated,1854,5,0.398,0.44,linear,0.233,Low
88,olympics-integrated,2503,9,0.542,0.594,linear,0.05,High
88,olympics-integrated,2688,3,0.0,0.332,log,0.541,Low
88,olympics-integrated,2980,7,0.159,0.353,log,0.418,Low
88,olympics-integrated,3105,20,0.516,0.436,log,0.03,Low
88,olympics-integrated,3149,4,0.639,0.406,linear,0.525,Low
88,olympics-integrated,3180,13,0.302,0.421,log,0.035,Low
88,olympics-integrated,3236,16,0.917,0.535,linear,0.039,Mid
88,olympics-integrated,3294,5,0.788,0.615,log,0.085,High
88,olympics-integrated,3304,7,0.562,0.294,log,0.53,Low
88,olympics-integrated,3307,12,0.5,0.399,log,0.004,Low
88,olympics-integrated,3310,6,0.647,0.977,log,0.832,High
88,olympics-integrated,3327,8,0.385,0.997,linear,0.54,High
88,olympics-integrated,3342,8,0.188,0.393,linear,0.72,Low
88,olympics-integrated,3364,10,0.722,0.73,power,0.083,High
88,olympics-integrated,3365,5,0.2,0.686,linear,0.24,High
88,olympics-integrated,3367,6,0.4,0.364,linear,0.228,Low
88,olympics-integrated,3370,44,0.714,0.968,linear,0.436,High
88,olympics-integrated,3378,3,0.496,0.443,linear,0.038,Low
88,olympics-integrated,3380,10,0.478,0.552,linear,0.006,High
88,olympics-integrated,3418,14,0.0,1.0,linear,0.601,High
88,olympics-integrated,3491,11,0.0,0.344,log,0.22,Low
88,olympics-integrated,3521,3,0.48,0.376,power,0.967,Low
88,olympics-integrated,3620,7,0.857,0.435,linear,0.034,Low
88,olympics-integrated,3621,6,0.688,0.441,linear,0.151,Low
88,olympics-integrated,3622,6,0.837,0.443,linear,0.272,Low
88,olympics-integrated,3628,6,0.25,0.202,log,0.077,Low
88,olympics-integrated,3664,6,0.0,0.536,log,0.466,Mid
88,olympics-integrated,3738,12,1.0,0.519,linear,0.192,Mid
88,olympics-integrated,4240,26,1.0,0.975,log,0.004,High
88,olympics-integrated,4818,7,0.25,0.365,linear,0.536,Low
88,olympics-integrated,4862,5,0.0,0.135,log,0.058,Low
88,olympics-integrated,5932,6,0.9,0.7,power,0.209,High
88,olympics-integrated,5933,8,0.143,0.663,linear,0.09,High
88,olympics-integrated,5935,13,0.5,0.76,linear,0.097,High
88,olympics-integrated,5936,6,0.0,0.518,linear,0.724,Mid
88,olympics-integrated,5937,5,0.0,0.805,log,0.458,High
88,olympics-integrated,5945,32,0.143,0.45,linear,0.002,Low
88,olympics-integrated,5950,4,0.375,0.619,power,0.548,High
88,olympics-integrated,5952,21,0.875,0.895,linear,0.076,High
88,olympics-integrated,5957,14,0.2,0.385,log,0.019,Low
88,olympics-integrated,5958,7,0.5,0.53,log,0.013,Mid
88,olympics-integrated,5964,4,1.0,0.448,log,0.784,Low
88,olympics-integrated,6012,6,0.333,0.651,linear,0.017,High
88,olympics-integrated,6022,27,0.214,0.438,linear,0.102,Low
88,olympics-integrated,6379,3,0.0,1.0,linear,0.75,High
3,gobang_1v1,2770,6,0.4,0.203,log,0.124,Low
3,gobang_1v1,2777,3,0.0,0.138,linear,0.75,Low
3,gobang_1v1,2809,4,0.0,0.753,linear,0.672,High
3,gobang_1v1,2858,11,0.323,0.446,power,0.153,Low
3,gobang_1v1,2938,13,0.636,0.58,linear,0.151,High
3,gobang_1v1,2983,4,0.154,0.112,linear,0.036,Low
3,gobang_1v1,2985,11,0.357,0.481,power,0.458,Mid
3,gobang_1v1,2997,9,0.471,0.764,power,0.35,High
3,gobang_1v1,3013,67,0.364,0.532,linear,0.279,Mid
3,gobang_1v1,3015,3,0.188,0.08,log,0.474,Low
3,gobang_1v1,3026,10,0.333,0.097,linear,0.031,Low
3,gobang_1v1,3301,4,0.1,0.604,power,0.896,High
3,gobang_1v1,3683,3,0.391,0.628,power,0.533,High
3,gobang_1v1,3690,4,0.833,0.59,log,0.215,High
3,gobang_1v1,3692,3,0.75,0.745,log,0.05,High
3,gobang_1v1,3694,4,0.071,0.337,log,0.407,Low
3,gobang_1v1,3696,3,0.8,0.674,log,0.731,High
3,gobang_1v1,3698,8,0.0,0.493,log,0.165,Mid
3,gobang_1v1,3700,9,0.0,0.777,log,0.355,High
3,gobang_1v1,3705,5,0.9,0.577,log,0.03,High
3,gobang_1v1,3706,9,0.0,0.784,log,0.652,High
3,gobang_1v1,3707,13,0.0,0.643,linear,0.471,High
3,gobang_1v1,3711,5,0.0,0.419,log,0.023,Low
3,gobang_1v1,3714,5,0.176,0.658,power,0.818,High
3,gobang_1v1,3715,5,0.222,0.703,power,0.642,High
3,gobang_1v1,3720,13,0.0,0.478,log,0.229,Mid
3,gobang_1v1,3721,5,0.0,0.548,log,0.656,Mid
3,gobang_1v1,3729,3,0.621,0.647,power,0.181,High
3,gobang_1v1,3734,7,0.232,0.386,power,0.257,Low
3,gobang_1v1,4255,4,0.0,0.676,log,0.739,High
3,gobang_1v1,4270,5,0.0,0.705,log,0.681,High
