env_id,name,n_submissions,n_matches,agent_number,game_type,interaction,action_space,complexity,tau,tau_n_policies,elo_convergence_rho,elo_convergence_n,improvement_speed
74,olympics-wrestling,4369,5000,2,sports,competitive,discrete,12,0.5418271020455581,49.0,0.8622448979591836,49.0,-12.58940772744347
1,snakes_1v1,3671,5000,2,board/card,competitive,discrete,10,0.05258840259973866,55.0,0.8969293664766792,93.0,0.0
13,classic_Acrobot-v1,3470,0,1,single-agent,single-agent,discrete,2,,,,,
6,snakes_3v3,2673,5000,2,board/card,competitive,discrete,10,0.6721722896604531,22.0,0.7713043478260868,24.0,0.06843678691198025
8,classic_CartPole-v0,2505,0,1,single-agent,single-agent,discrete,2,,,,,
44,snakes_2p,2056,0,1,board/card,single-agent,discrete,5,,,,,
43,cliffwalking,1644,0,1,grid-navigation,single-agent,discrete,4,,,,,
25,ParticleEnv-simple,1398,0,1,cooperative,single-agent,discrete,6,,,,,
7,sokoban_1p,1216,0,1,grid-navigation,single-agent,discrete,4,,,,,
88,olympics-integrated,1023,5000,2,sports,competitive,discrete,12,0.6446047909982178,22.0,0.6137775268210052,22.0,0.44477971065065813
3,gobang_1v1,641,5000,2,board/card,competitive,discrete,10,0.8247619944636813,28.0,0.9222769567597153,28.0,-4.048875331929186
10,classic_MountainCar-v0,515,0,1,single-agent,single-agent,discrete,2,,,,,
47,olympics-running,514,5000,2,sports,competitive,discrete,12,0.5151544237315595,31.0,0.7262096774193549,31.0,0.0616330935154517
12,classic_Pendulum-v0,480,0,1,single-agent,single-agent,continuous,2,,,,,
2,reversi_1v1,476,5000,2,board/card,competitive,discrete,10,0.0957076081836843,51.0,0.38334841628959276,51.0,2.1656471780041784
34,football_11_vs_11_stochastic,474,5000,2,sports/cooperation,competitive,discrete,12,0.8492804815842891,15.0,0.9285714285714284,15.0,-2.3290539974689994
94,fourplayers_nolimit_texas_holdem,450,0,4,other,small-team,discrete,15,,,,,
86,delivery_two_agents,412,5000,2,other,competitive,discrete,9,0.4825159934698949,32.0,0.9677217054907856,147.0,-2.6041671872727936
73,olympics-football,410,5000,2,sports/cooperation,competitive,discrete,12,0.3445534399242656,39.0,0.35380820228183785,46.0,-1.0804073181258866
66,chessandcard-mahjong_v3,392,0,4,board/card,small-team,discrete,16,,,,,
99,taxing_gov,381,0,1,other,single-agent,discrete,4,,,,,
96,gym_Hopper-v2,370,0,1,other,single-agent,discrete,4,,,,,
72,olympics-tablehockey,365,5000,2,sports,competitive,discrete,12,0.8538532707606725,13.0,0.45604395604395603,13.0,0.04526547923439554
71,football_5v5_malib,363,5000,2,sports/cooperation,competitive,discrete,12,0.8467540318079296,15.0,0.9178571428571428,15.0,-0.1411784534201048
85,olympics-curling,327,5000,2,sports,competitive,discrete,12,0.6864933538442968,35.0,0.703310104529617,41.0,0.10450993434906357
100,taxing_household,316,0,4,other,small-team,discrete,15,,,,,
108,taxing_household_heter,311,0,1,other,single-agent,discrete,4,,,,,
107,taxing_gov_heter,257,0,1,other,single-agent,discrete,4,,,,,
93,olympics-billiard-competition,253,5000,2,sports,competitive,discrete,12,0.8451298725129259,18.0,0.9360165118679051,18.0,1.6276532503333747
105,prisoners_dilemma_in_the_matrix__repeated_scenarios,253,0,1,social-dilemma,single-agent,discrete,5,,,,,
