pool,target,opponent,games,win_rate,task_ids,old_pool_member
recent_pool,11449,10747,10,0.0,5368598;5399303;5414218;5452474;5471089;5557784;5662873;5765685;5812865;5849448,False
recent_pool,11449,10920,10,0.0,5338761;5345228;5398448;5553038;5559332;5587019;5630131;5765269;5848142;6058254,False
recent_pool,11449,11286,10,0.05,5340730;5369749;5380915;5615960;5659232;5674788;5744300;5767162;5859622;5867054,False
recent_pool,11449,10285,10,0.1,5362872;5553411;5558561;5651784;5780706;6059513;6316815;6342389;6635125;6832752,False
recent_pool,11449,11273,10,0.1,5328462;5361586;5391933;5397743;5416374;5453596;5587846;5597164;5693960;5717256,False
recent_pool,11449,11201,10,0.15,5328464;5346287;5362701;5415249;5441096;5575704;5644678;5717418;5767857;6133008,False
recent_pool,11449,11100,10,0.2,5422453;5555300;5635331;5736233;6104001;6346449;6374543;6473820;6547569;6559787,False
recent_pool,11449,10970,10,0.3,5391434;5424246;5426174;5481302;5573870;5631310;5805767;5817073;5824432;5883239,False
recent_pool,11449,11352,10,0.4,5601358;5662596;5724362;5893175;5896352;5955402;6237790;6238011;6330128;6406194,False
recent_pool,11449,10104,10,0.6,5502625;5805142;5922859;5977104;6011661;6051949;6054617;6314608;6546230;6802114,False
recent_pool,11449,11179,10,0.6,5420345;5600505;5617579;5645749;5696612;5739332;5833574;5848870;5871944;5945606,False
recent_pool,11449,10964,10,0.7,5328479;5411115;5484439;5584848;5588892;5597791;5641830;5661244;5661589;5674417,False
recent_pool,11449,11205,10,0.7,5328487;5332151;5332395;5397865;5470909;5688239;5745854;5760497;5978637;6270443,False
recent_pool,11449,10755,10,0.8,5329412;5329438;5353456;5376154;5505604;5591082;5680447;5840089;5871875;6095359,False
recent_pool,11449,10916,10,0.8,5393534;5433376;5475846;5495684;5677764;5687750;5744884;5753776;5878148;5900916,False
recent_pool,11449,11285,10,0.8,5328471;5356947;5358748;5394042;5690795;5759326;5838433;5865821;5873021;5922860,False
recent_pool,11449,11324,10,0.8,5437527;5547015;5610370;5670640;5737447;5778227;5799156;5860429;5891376;6191245,False
recent_pool,11449,11094,10,0.85,5555169;5716607;5721145;5756495;5838080;5853725;5924198;5953381;6250641;6274480,False
recent_pool,11449,10264,10,1.0,5495965;5587657;5630214;5799164;5813533;5816838;5936726;6173743;6236149;6288822,False
recent_pool,11449,11362,10,1.0,5398641;5478049;5582348;5621767;5659139;5671732;5694608;5728587;5768088;5924642,False
