submission_id,rank_old,rank_rec,rank_ref,win_rate_old,win_rate_rec,win_rate_ref,signed_rank_change,absolute_rank_change,old_reference_rank_error,recent_reference_rank_error,win_rate_change
11381,7.0,6.0,6.0,0.9575,0.605,0.741975308642,-1.0,1.0,1.0,0.0,-0.35250000000000004
11391,5.0,4.0,5.0,0.9825,0.6725,0.761111111111,-1.0,1.0,0.0,1.0,-0.31000000000000005
11398,2.5,1.0,1.0,0.99,0.8225,0.876543209877,-1.5,1.5,1.5,0.0,-0.16749999999999998
11408,8.0,13.0,13.0,0.945,0.4375,0.588271604938,5.0,5.0,5.0,0.0,-0.5075
11430,4.0,9.0,7.0,0.985,0.475,0.674074074074,5.0,5.0,3.0,2.0,-0.51
11436,10.5,8.0,11.5,0.9325,0.4875,0.604938271605,-2.5,2.5,1.0,3.5,-0.445
11438,14.0,14.0,14.0,0.8925,0.3475,0.482716049383,0.0,0.0,0.0,0.0,-0.5449999999999999
11439,1.0,3.0,3.0,1.0,0.7625,0.846296296296,2.0,2.0,2.0,0.0,-0.23750000000000004
11444,15.0,15.0,15.0,0.865,0.2575,0.416666666667,0.0,0.0,0.0,0.0,-0.6074999999999999
11446,10.5,10.0,11.5,0.9325,0.465,0.604938271605,-0.5,0.5,1.0,1.5,-0.46749999999999997
11448,9.0,12.0,10.0,0.9375,0.455,0.616666666667,3.0,3.0,1.0,2.0,-0.4825
11449,13.0,7.0,9.0,0.91,0.4975,0.64012345679,-6.0,6.0,4.0,2.0,-0.41250000000000003
11451,2.5,2.0,2.0,0.99,0.82,0.847530864198,-0.5,0.5,0.5,0.0,-0.17000000000000004
11452,12.0,11.0,8.0,0.9225,0.4575,0.641358024691,-1.0,1.0,4.0,3.0,-0.46499999999999997
11453,6.0,5.0,4.0,0.975,0.6575,0.764814814815,-1.0,1.0,2.0,1.0,-0.3175
