submission_id,rank_old,rank_rec,rank_ref,win_rate_old,win_rate_rec,win_rate_ref
11381,7.0,6.0,6.0,0.9575,0.605,0.741975308642
11391,5.0,4.0,5.0,0.9825,0.6725,0.761111111111
11398,2.5,1.0,1.0,0.99,0.8225,0.876543209877
11408,8.0,13.0,13.0,0.945,0.4375,0.588271604938
11430,4.0,9.0,7.0,0.985,0.475,0.674074074074
11436,10.5,8.0,11.5,0.9325,0.4875,0.604938271605
11438,14.0,14.0,14.0,0.8925,0.3475,0.482716049383
11439,1.0,3.0,3.0,1.0,0.7625,0.846296296296
11444,15.0,15.0,15.0,0.865,0.2575,0.416666666667
11446,10.5,10.0,11.5,0.9325,0.465,0.604938271605
11448,9.0,12.0,10.0,0.9375,0.455,0.616666666667
11449,13.0,7.0,9.0,0.91,0.4975,0.64012345679
11451,2.5,2.0,2.0,0.99,0.82,0.847530864198
11452,12.0,11.0,8.0,0.9225,0.4575,0.641358024691
11453,6.0,5.0,4.0,0.975,0.6575,0.764814814815
