file,bytes
README.md,285
analyze.py,6784
hero_rank_comparison.png,62386
hero_rank_comparison.svg,45635
hero_recent_opponents.csv,2425
inputs/baseline_target_scores.json,7095
inputs/case_study_method.pdf,161611
inputs/cohort.json,1552
inputs/cohort_metadata.json,2739
inputs/log_evidence.jsonl,35294135
inputs/selected_games.csv,1609262
method.json,1047
opponent_leave_out_diagnostic.csv,438
pairwise_win_rates.csv,215352
paper_annotation_en.txt,418
paper_annotation_zh.txt,348
report.py,8355
requirements.txt,23
runtime_versions.json,91
summary.json,966
target_rank_shifts.csv,1402
target_ranks.csv,799
validation.json,368
案例分析_方案与结果.md,6043
