month,new_users
2021-07,96
2021-08,2229
2021-09,104
2021-10,136
2021-11,260
2021-12,106
2022-01,20
2022-02,80
2022-03,106
2022-04,81
2022-05,280
2022-06,89
2022-07,69
2022-08,366
2022-09,76
2022-10,176
2022-11,137
2022-12,39
2023-01,23
2023-02,42
2023-03,69
2023-04,103
2023-05,89
2023-06,54
2023-07,45
2023-08,41
2023-09,36
2023-10,86
2023-11,152
2023-12,119
2024-01,31
2024-02,24
2024-03,52
2024-04,21
2024-05,25
2024-06,53
2024-07,47
2024-08,16
2024-09,9
2024-10,15
2024-11,38
2024-12,146
2025-01,4
2025-02,24
2025-03,75
2025-04,53
2025-05,16
2025-06,20
2025-07,14
2025-08,11
2025-09,9
2025-10,11
2025-11,22
2025-12,169
2026-01,31
2026-02,2
2026-03,31
2026-04,12
2026-05,7
2026-06,8
2026-07,2
2026-08,6
2026-09,1
