month,new_submissions
2021-02,9
2021-03,67
2021-04,93
2021-05,53
2021-06,159
2021-07,571
2021-08,7137
2021-09,328
2021-10,310
2021-11,1096
2021-12,1266
2022-01,472
2022-02,169
2022-03,173
2022-04,326
2022-05,589
2022-06,793
2022-07,799
2022-08,1916
2022-09,1163
2022-10,1531
2022-11,1471
2022-12,901
2023-01,240
2023-02,80
2023-03,265
2023-04,443
2023-05,2697
2023-06,358
2023-07,239
2023-08,103
2023-09,90
2023-10,270
2023-11,2595
2023-12,214
2024-01,148
2024-02,79
2024-03,309
2024-04,872
2024-05,290
2024-06,166
2024-07,315
2024-08,49
2024-09,6
2024-10,49
2024-11,118
2024-12,181
2025-02,21
2025-03,129
2025-04,746
2025-05,217
2025-06,80
2025-07,81
2025-08,9
2025-09,2
2025-11,4
2025-12,1121
2026-01,340
2026-02,3
2026-03,37
2026-04,22
2026-06,4
2026-07,5
