id,name,agent_number,is_shown
1,snakes_1v1,2,1
2,reversi_1v1,2,1
3,gobang_1v1,2,1
4,sokoban_2p,1,1
5,snakes_5p,1,1
6,snakes_3v3,2,1
7,sokoban_1p,1,1
8,classic_CartPole-v0,1,1
9,classic_CartPole-v1,1,0
10,classic_MountainCar-v0,1,1
11,classic_MountainCarContinuous-v0,1,1
12,classic_Pendulum-v0,1,1
13,classic_Acrobot-v1,1,1
14,football_11v11_kaggle,2,1
15,MiniWorld-Hallway-v0,1,1
16,MiniWorld-OneRoom-v0,1,1
17,MiniWorld-OneRoomS6-v0,1,1
18,MiniWorld-OneRoomS6Fast-v0,1,1
19,MiniWorld-TMaze-v0,1,1
20,MiniWorld-TMazeLeft-v0,1,1
21,MiniWorld-TMazeRight-v0,1,1
22,MiniGrid-DoorKey-16x16-v0,1,1
23,MiniGrid-MultiRoom-N6-v0,1,1
24,MiniGrid-Dynamic-Obstacles-16x16-v0,1,1
25,ParticleEnv-simple,1,1
26,ParticleEnv-simple_adversary,2,1
27,ParticleEnv-simple_crypto,2,1
28,ParticleEnv-simple_push,2,1
29,ParticleEnv-simple_reference,1,1
30,ParticleEnv-simple_speaker_listener,1,1
31,ParticleEnv-simple_spread,1,1
32,ParticleEnv-simple_tag,2,1
33,ParticleEnv-simple_world_comm,2,1
34,football_11_vs_11_stochastic,2,1
35,overcookedai-cramped_room,2,1
36,overcookedai-asymmetric_advantages,2,1
37,overcookedai-coordination_ring,2,1
38,overcookedai-forced_coordination,2,1
39,overcookedai-counter_circuit,2,1
40,magent-battle_v3-12v12,2,1
41,magent-battle_v3-20v20,2,1
42,gridworld,1,1
43,cliffwalking,1,1
44,snakes_2p,1,1
45,smarts-loop,1,1
46,sc2-MoveToBeacon,1,1
47,olympics-running,2,1
48,smarts-cloverleaf,1,1
49,smarts-figure_eight,1,1
50,smarts-minicity,1,1
51,smarts-straight,1,1
52,smarts-zoo_intersection,1,1
53,smarts-ngsim-partial,1,1
54,smarts-ngsim,1,0
55,robotics_FetchPickAndPlace,1,1
56,robotics_HandManipulateBlock,1,1
57,robotics_HandManipulatePen,1,1
58,sc2-CollectMineralShards,1,1
59,sc2-FindAndDefeatZerglings,1,1
60,sc2-DefeatRoaches,1,1
61,sc2-DefeatZerglingsAndBanelings,1,1
62,sc2-Simple64,2,1
63,chessandcard-go_v4,2,1
64,chessandcard-chess_v3,2,1
65,chessandcard-checkers_v3,2,1
66,chessandcard-mahjong_v3,4,1
67,chessandcard-texas_holdem_v3,2,1
68,chessandcard-texas_holdem_no_limit_v3,2,1
69,chinesechess,2,1
70,Logistics_Transportation,1,1
71,football_5v5_malib,2,1
72,olympics-tablehockey,2,1
73,olympics-football,2,1
74,olympics-wrestling,2,1
75,olympics-billiard,2,1
76,ParticleEnv-simple-continuous,1,1
77,ParticleEnv-simple_adversary-continuous,2,1
78,ParticleEnv-simple_crypto-continuous,2,1
79,ParticleEnv-simple_push-continuous,2,1
80,ParticleEnv-simple_reference-continuous,1,1
81,ParticleEnv-simple_speaker_listener-continuous,1,1
82,ParticleEnv-simple_spread-continuous,1,1
83,ParticleEnv-simple_tag-continuous,2,1
84,ParticleEnv-simple_world_comm-continuous,2,1
85,olympics-curling,2,1
86,delivery_two_agents,2,1
87,Logistics_Transportation2,1,1
88,olympics-integrated,2,1
89,wilderness-navigation,1,1
90,chessandcard-leduc_holdem_v3,2,1
91,revive-refrigerator,1,1
92,finrl-stocktrading,1,1
93,olympics-billiard-competition,2,1
94,fourplayers_nolimit_texas_holdem,4,1
95,bridge,4,1
96,gym_Hopper-v2,1,1
97,gym_HalfCheetah-v2,1,1
98,overcookedai-integrated,2,1
99,taxing_gov,1,1
100,taxing_household,4,1
101,taxing_gov_comp,1,0
102,taxing_household_comp,4,0
103,overcookedai-integrated2,2,1
104,kafang_stock,1,1
105,prisoners_dilemma_in_the_matrix__repeated_scenarios,1,1
106,prisoners_dilemma_in_the_matrix__repeated,2,1
107,taxing_gov_heter,1,1
108,taxing_household_heter,1,1
109,logistics_supply_chain,2,1
