env_name,env_id,match_count
snakes_1v1,1,2454898
snakes_3v3,6,1761240
sokoban_1p,7,1311221
olympics-wrestling,74,798326
classic_CartPole-v0,8,707425
cliffwalking,43,605964
olympics-running,47,517948
snakes_2p,44,414993
reversi_1v1,2,353014
chessandcard-leduc_holdem_v3,90,213218
gobang_1v1,3,184724
olympics-integrated,88,162576
gridworld,42,99042
olympics-football,73,89034
olympics-curling,85,86668
chessandcard-mahjong_v3,66,84556
football_5v5_malib,71,77374
football_11_vs_11_stochastic,34,72124
classic_MountainCar-v0,10,62139
fourplayers_nolimit_texas_holdem,94,57084
taxing_household,100,49616
ParticleEnv-simple_tag,32,47988
olympics-tablehockey,72,45510
chessandcard-texas_holdem_no_limit_v3,68,45380
football_11v11_kaggle,14,38309
snakes_5p,5,37270
classic_Pendulum-v0,12,35808
classic_Acrobot-v1,13,35337
ParticleEnv-simple_adversary,26,33834
delivery_two_agents,86,33596
ParticleEnv-simple_push,28,33452
ParticleEnv-simple_crypto,27,33390
overcookedai-cramped_room,35,31854
overcookedai-asymmetric_advantages,36,30134
ParticleEnv-simple_world_comm,33,30070
olympics-billiard-competition,93,28810
overcookedai-forced_coordination,38,28230
overcookedai-coordination_ring,37,28222
overcookedai-counter_circuit,39,28172
bridge,95,26748
overcookedai-integrated,98,19238
MiniWorld-Hallway-v0,15,16799
MiniWorld-OneRoom-v0,16,15595
overcookedai-integrated2,103,15474
classic_MountainCarContinuous-v0,11,15317
chessandcard-chess_v3,64,14330
olympics-billiard,75,12834
chessandcard-texas_holdem_v3,67,12546
ParticleEnv-simple_spread,31,10194
MiniWorld-TMaze-v0,19,10134
magent-battle_v3-20v20,41,9544
magent-battle_v3-12v12,40,9540
classic_CartPole-v1,9,9528
MiniWorld-OneRoomS6Fast-v0,18,9325
MiniWorld-OneRoomS6-v0,17,9003
chessandcard-checkers_v3,65,8964
MiniGrid-DoorKey-16x16-v0,22,8959
chessandcard-go_v4,63,8958
sc2-Simple64,62,8694
ParticleEnv-simple,25,8608
MiniWorld-TMazeRight-v0,21,8590
MiniWorld-TMazeLeft-v0,20,8579
prisoners_dilemma_in_the_matrix__repeated,106,8564
ParticleEnv-simple_speaker_listener,30,8096
sokoban_2p,4,7811
MiniGrid-MultiRoom-N6-v0,23,7808
MiniGrid-Dynamic-Obstacles-16x16-v0,24,7808
ParticleEnv-simple_tag-continuous,83,7518
ParticleEnv-simple_adversary-continuous,77,7468
ParticleEnv-simple_world_comm-continuous,84,7468
chinesechess,69,6184
ParticleEnv-simple_reference,29,6064
revive-refrigerator,91,3119
ParticleEnv-simple_push-continuous,79,2112
taxing_household_heter,108,1872
taxing_gov_heter,107,1825
gym_Hopper-v2,96,1786
ParticleEnv-simple_crypto-continuous,78,1552
prisoners_dilemma_in_the_matrix__repeated_scenarios,105,1272
taxing_gov,99,952
logistics_supply_chain,109,700
Logistics_Transportation,70,260
kafang_stock,104,242
ParticleEnv-simple_spread-continuous,82,80
gym_HalfCheetah-v2,97,60
wilderness-navigation,89,58
smarts-ngsim-partial,53,51
ParticleEnv-simple_speaker_listener-continuous,81,40
ParticleEnv-simple_reference-continuous,80,40
Logistics_Transportation2,87,39
ParticleEnv-simple-continuous,76,39
sc2-MoveToBeacon,46,39
robotics_HandManipulateBlock,56,30
sc2-DefeatRoaches,60,30
sc2-CollectMineralShards,58,30
sc2-DefeatZerglingsAndBanelings,61,29
robotics_HandManipulatePen,57,20
robotics_FetchPickAndPlace,55,19
sc2-FindAndDefeatZerglings,59,19
smarts-minicity,50,10
finrl-stocktrading,92,10
smarts-cloverleaf,48,10
smarts-zoo_intersection,52,10
smarts-straight,51,10
smarts-loop,45,10
smarts-figure_eight,49,9
