id,name,agent_number,game_type,interaction,action_space,obs_space,observability
1,snakes_1v1,2,board/card,competitive,discrete,discrete,full
2,reversi_1v1,2,board/card,competitive,discrete,discrete,full
3,gobang_1v1,2,board/card,competitive,discrete,discrete,full
4,sokoban_2p,1,grid-navigation,single-agent,discrete,discrete,partial
5,snakes_5p,1,board/card,single-agent,discrete,discrete,full
6,snakes_3v3,2,board/card,competitive,discrete,discrete,full
7,sokoban_1p,1,grid-navigation,single-agent,discrete,discrete,partial
8,classic_CartPole-v0,1,single-agent,single-agent,discrete,continuous,full
9,classic_CartPole-v1,1,single-agent,single-agent,discrete,continuous,full
10,classic_MountainCar-v0,1,single-agent,single-agent,discrete,continuous,full
11,classic_MountainCarContinuous-v0,1,single-agent,single-agent,continuous,continuous,full
12,classic_Pendulum-v0,1,single-agent,single-agent,continuous,continuous,full
13,classic_Acrobot-v1,1,single-agent,single-agent,discrete,continuous,full
14,football_11v11_kaggle,2,sports/cooperation,competitive,discrete,discrete,full
15,MiniWorld-Hallway-v0,1,grid-navigation,single-agent,discrete,discrete,full
16,MiniWorld-OneRoom-v0,1,grid-navigation,single-agent,discrete,discrete,full
17,MiniWorld-OneRoomS6-v0,1,grid-navigation,single-agent,discrete,discrete,full
18,MiniWorld-OneRoomS6Fast-v0,1,grid-navigation,single-agent,discrete,discrete,full
19,MiniWorld-TMaze-v0,1,grid-navigation,single-agent,discrete,discrete,full
20,MiniWorld-TMazeLeft-v0,1,grid-navigation,single-agent,discrete,discrete,full
21,MiniWorld-TMazeRight-v0,1,grid-navigation,single-agent,discrete,discrete,full
22,MiniGrid-DoorKey-16x16-v0,1,grid-navigation,single-agent,discrete,discrete,full
23,MiniGrid-MultiRoom-N6-v0,1,grid-navigation,single-agent,discrete,discrete,full
24,MiniGrid-Dynamic-Obstacles-16x16-v0,1,grid-navigation,single-agent,discrete,discrete,full
25,ParticleEnv-simple,1,cooperative,single-agent,discrete,discrete,full
26,ParticleEnv-simple_adversary,2,cooperative,cooperative,discrete,discrete,full
27,ParticleEnv-simple_crypto,2,cooperative,cooperative,discrete,discrete,full
28,ParticleEnv-simple_push,2,cooperative,cooperative,discrete,discrete,full
29,ParticleEnv-simple_reference,1,cooperative,single-agent,discrete,discrete,full
30,ParticleEnv-simple_speaker_listener,1,cooperative,single-agent,discrete,discrete,full
31,ParticleEnv-simple_spread,1,cooperative,single-agent,discrete,discrete,full
32,ParticleEnv-simple_tag,2,cooperative,cooperative,discrete,discrete,full
33,ParticleEnv-simple_world_comm,2,cooperative,cooperative,discrete,discrete,full
34,football_11_vs_11_stochastic,2,sports/cooperation,competitive,discrete,discrete,full
35,overcookedai-cramped_room,2,other,competitive,discrete,discrete,full
36,overcookedai-asymmetric_advantages,2,other,competitive,discrete,discrete,full
37,overcookedai-coordination_ring,2,other,competitive,discrete,discrete,full
38,overcookedai-forced_coordination,2,other,competitive,discrete,discrete,full
39,overcookedai-counter_circuit,2,other,competitive,discrete,discrete,full
40,magent-battle_v3-12v12,2,large-scale,cooperative,discrete,discrete,full
41,magent-battle_v3-20v20,2,large-scale,cooperative,discrete,discrete,full
42,gridworld,1,other,single-agent,discrete,discrete,full
43,cliffwalking,1,grid-navigation,single-agent,discrete,discrete,full
44,snakes_2p,1,board/card,single-agent,discrete,discrete,full
45,smarts-loop,1,driving,single-agent,discrete,discrete,full
46,sc2-MoveToBeacon,1,other,single-agent,discrete,discrete,full
47,olympics-running,2,sports,competitive,discrete,discrete,full
48,smarts-cloverleaf,1,driving,single-agent,discrete,discrete,full
49,smarts-figure_eight,1,driving,single-agent,discrete,discrete,full
50,smarts-minicity,1,driving,single-agent,discrete,discrete,full
51,smarts-straight,1,driving,single-agent,discrete,discrete,full
52,smarts-zoo_intersection,1,driving,single-agent,discrete,discrete,full
53,smarts-ngsim-partial,1,driving,single-agent,discrete,discrete,full
54,smarts-ngsim,1,driving,single-agent,discrete,discrete,full
55,robotics_FetchPickAndPlace,1,other,single-agent,discrete,discrete,full
56,robotics_HandManipulateBlock,1,other,single-agent,discrete,discrete,full
57,robotics_HandManipulatePen,1,other,single-agent,discrete,discrete,full
58,sc2-CollectMineralShards,1,other,single-agent,discrete,discrete,full
59,sc2-FindAndDefeatZerglings,1,other,single-agent,discrete,discrete,full
60,sc2-DefeatRoaches,1,other,single-agent,discrete,discrete,full
61,sc2-DefeatZerglingsAndBanelings,1,other,single-agent,discrete,discrete,full
62,sc2-Simple64,2,other,competitive,discrete,discrete,full
63,chessandcard-go_v4,2,board/card,competitive,discrete,discrete,full
64,chessandcard-chess_v3,2,board/card,competitive,discrete,discrete,full
65,chessandcard-checkers_v3,2,board/card,competitive,discrete,discrete,full
66,chessandcard-mahjong_v3,4,board/card,small-team,discrete,discrete,full
67,chessandcard-texas_holdem_v3,2,board/card,competitive,discrete,discrete,full
68,chessandcard-texas_holdem_no_limit_v3,2,board/card,competitive,discrete,discrete,full
69,chinesechess,2,board/card,competitive,discrete,discrete,full
70,Logistics_Transportation,1,other,single-agent,discrete,discrete,full
71,football_5v5_malib,2,sports/cooperation,competitive,discrete,discrete,full
72,olympics-tablehockey,2,sports,competitive,discrete,discrete,full
73,olympics-football,2,sports/cooperation,competitive,discrete,discrete,full
74,olympics-wrestling,2,sports,competitive,discrete,discrete,full
75,olympics-billiard,2,sports,competitive,discrete,discrete,full
76,ParticleEnv-simple-continuous,1,cooperative,single-agent,discrete,discrete,full
77,ParticleEnv-simple_adversary-continuous,2,cooperative,cooperative,discrete,discrete,full
78,ParticleEnv-simple_crypto-continuous,2,cooperative,cooperative,discrete,discrete,full
79,ParticleEnv-simple_push-continuous,2,cooperative,cooperative,discrete,discrete,full
80,ParticleEnv-simple_reference-continuous,1,cooperative,single-agent,discrete,discrete,full
81,ParticleEnv-simple_speaker_listener-continuous,1,cooperative,single-agent,discrete,discrete,full
82,ParticleEnv-simple_spread-continuous,1,cooperative,single-agent,discrete,discrete,full
83,ParticleEnv-simple_tag-continuous,2,cooperative,cooperative,discrete,discrete,full
84,ParticleEnv-simple_world_comm-continuous,2,cooperative,cooperative,discrete,discrete,full
85,olympics-curling,2,sports,competitive,discrete,discrete,full
86,delivery_two_agents,2,other,competitive,discrete,discrete,full
87,Logistics_Transportation2,1,other,single-agent,discrete,discrete,full
88,olympics-integrated,2,sports,competitive,discrete,discrete,full
89,wilderness-navigation,1,other,single-agent,discrete,discrete,full
90,chessandcard-leduc_holdem_v3,2,board/card,competitive,discrete,discrete,full
91,revive-refrigerator,1,other,single-agent,discrete,discrete,full
92,finrl-stocktrading,1,finance,single-agent,discrete,discrete,full
93,olympics-billiard-competition,2,sports,competitive,discrete,discrete,full
94,fourplayers_nolimit_texas_holdem,4,other,small-team,discrete,discrete,full
95,bridge,4,other,small-team,discrete,discrete,full
96,gym_Hopper-v2,1,other,single-agent,discrete,discrete,full
97,gym_HalfCheetah-v2,1,other,single-agent,discrete,discrete,full
98,overcookedai-integrated,2,other,competitive,discrete,discrete,full
99,taxing_gov,1,other,single-agent,discrete,discrete,full
100,taxing_household,4,other,small-team,discrete,discrete,full
101,taxing_gov_comp,1,other,single-agent,discrete,discrete,full
102,taxing_household_comp,4,other,small-team,discrete,discrete,full
103,overcookedai-integrated2,2,other,competitive,discrete,discrete,full
104,kafang_stock,1,finance,single-agent,discrete,discrete,full
105,prisoners_dilemma_in_the_matrix__repeated_scenarios,1,social-dilemma,single-agent,discrete,discrete,full
106,prisoners_dilemma_in_the_matrix__repeated,2,social-dilemma,competitive,discrete,discrete,full
107,taxing_gov_heter,1,other,single-agent,discrete,discrete,full
108,taxing_household_heter,1,other,single-agent,discrete,discrete,full
109,logistics_supply_chain,2,optimization,competitive,discrete,discrete,full
