month,new_matches
2021-03,146
2021-04,98675
2021-05,79831
2021-06,93129
2021-07,100332
2021-08,2706356
2021-09,2983400
2021-10,165997
2021-11,180790
2021-12,219798
2022-01,196068
2022-02,164768
2022-03,110060
2022-04,173317
2022-05,169841
2022-06,178009
2022-07,107986
2022-08,110377
2022-09,95178
2022-10,110968
2022-11,105332
2022-12,103878
2023-01,92686
2023-02,81212
2023-03,90446
2023-04,89572
2023-05,132424
2023-06,91102
2023-07,92908
2023-08,90754
2023-09,79786
2023-10,91909
2023-11,99035
2023-12,99119
2024-01,92020
2024-02,84924
2024-03,88252
2024-04,101552
2024-05,94412
2024-06,84901
2024-07,96158
2024-08,92752
2024-09,89658
2024-10,92949
2024-11,90022
2024-12,1276
2025-01,88210
2025-02,83923
2025-03,93297
2025-04,95817
2025-05,31786
2025-06,19022
2025-07,93014
2025-08,85582
2026-07,179541
