quarter_end,pool_size,fresh_90d,fresh_180d,fresh_365d
2021-03-31,26,1,1,1
2021-06-30,118,0.8220338983050847457627118644,1,1
2021-09-30,2108,0.9772296015180265654648956357,0.9962049335863377609108159393,1
2021-12-31,2602,0.1963873943120676402767102229,0.9803996925441967717140661030,1
2022-03-31,2730,0.06593406593406593406593406593,0.2355311355311355311355311355,0.9970695970695970695970695971
2022-06-30,3020,0.1043046357615894039735099338,0.1536423841059602649006622517,0.9857615894039735099337748344
2022-09-30,3607,0.1743831438868866093706681453,0.2503465483781535902411976712,0.4236207374549487108400332686
2022-12-31,3815,0.06212319790301441677588466579,0.2175622542595019659239842726,0.3342070773263433813892529489
2023-03-31,3902,0.02947206560738083034341363403,0.08687852383393131727319323424,0.3124038954382368016401845208
2023-06-30,4054,0.04218056240749876665022200296,0.06734089787863838184509126788,0.2708436112481499753330044401
2023-09-30,4127,0.02059607463048219045311364187,0.05960746304821904531136418706,0.1383571601647685970438575236
2023-12-31,4400,0.06454545454545454545454545455,0.08,0.1418181818181818181818181818
2024-03-31,4463,0.01725296885503024871162894914,0.07775039211292852341474344611,0.1310777503921129285234147434
2024-06-30,4650,0.04774193548387096774193548387,0.05956989247311827956989247312,0.1326881720430107526881720430
2024-09-30,4686,0.009176269739650021340162185233,0.05527102005975245411865130175,0.1237729406743491250533504055
2024-12-31,4753,0.01472754050073637702503681885,0.02356406480117820324005891016,0.08100147275405007363770250368
2025-03-31,4773,0.005447307772889168238005447308,0.01969411271736853132201969411,0.07332914309658495705007332914
2025-06-30,4867,0.02383398397370043147729607561,0.02753236079720567084446270803,0.04951715635915348263817546743
2025-09-30,4884,0.003685503685503685503685503686,0.02682227682227682227682227682,0.04484029484029484029484029484
2025-12-31,5052,0.03325415676959619952494061758,0.03642121931908155186064924782,0.06334125098970704671417260491
2026-03-31,5104,0.01547805642633228840125391850,0.04388714733542319749216300940,0.07014106583072100313479623824
2026-06-30,5115,0.002346041055718475073313782991,0.01720430107526881720430107527,0.04965786901270772238514173998
2026-07-31,5117,0.001172562048075043971076802814,0.004690248192300175884307211257,0.04827047097908931014266171585
