section,metric,value,unit
3.2,Daily matches (last 30 days),11969.4,matches/day
3.2,Match failure rate,1.42%,
3.2,New strategy wait time P50,0,minutes
3.2,New strategy wait time P95,176,minutes
3.2,CPU utilization,N/A - requires ops data,%
3.4,Replay compression ratio,N/A - requires ops data,
3.5,Total storage,N/A - requires ops data,TB
5.2,Registered users,6314,
5.2,DAU (30-day avg),1.0,
5.2,MAU (12-month avg),205.0,
5.2,Total policies,34389,
5.2,Iterating user ratio,76.9%,
5.2,Avg iterations,15.29,iterations/user
5.6,Total competitions,60,
5.6,International top-tier competitions,18,
5.6,AAMAS competition editions,13,
5.6,IEEE CoG competition editions,4,
5.6,IJCAI competition editions,1,
5.6,Total teams in intl top-tier competitions,361,
5.6,User geographic distribution,N/A - requires ops data,
4,Total environments,109,
4,Total matches,11164257,
