name,level,teams,start,end,pre_n_weeks,pre_avg_users,pre_avg_subs,pre_avg_active,dur_n_weeks,dur_avg_users,dur_avg_subs,dur_avg_active,post_n_weeks,post_avg_users,post_avg_subs,post_avg_active,users_multiplier,subs_multiplier
贪吃蛇3v3水友赛,other,5,2021-01-15,2021-02-12,0,0.0,0.0,0.0,0,0.0,0.0,0.0,0,0.0,0.0,0.0,,
MAAI Assignment,university,7,2021-04-23,2021-05-27,0,0.0,0.0,0.0,0,0.0,0.0,0.0,0,0.0,0.0,0.0,,
snake 1V1,other,19,2021-07-08,2021-07-23,2,37.0,49.0,6.5,2,8.5,196.5,17.5,4,546.2,1177.8,159.8,0.23,4.01
rlchina snake3v3,national,80,2021-08-02,2021-08-21,4,10.2,139.5,12.5,3,726.3,1539.3,210.3,4,28.2,688.8,86.0,71.21,11.03
rlchina2021暑期习题课擂台,national,238,2021-08-20,2021-08-30,4,546.2,1177.8,159.8,2,31.5,1315.5,158.0,4,23.2,65.8,13.2,0.06,1.12
rlchina2021秋季赛,national,67,2021-08-31,2021-10-25,4,251.8,1772.0,224.5,8,28.2,65.6,13.5,4,63.0,263.8,49.8,0.11,0.04
SJTU-AI3601-MARL,university,11,2021-10-22,2022-01-01,4,25.5,76.2,12.5,10,41.9,267.1,41.1,4,4.5,57.0,15.0,1.64,3.51
rlchina2021东,national,115,2021-11-08,2022-01-22,4,30.8,99.8,13.5,11,32.7,237.8,39.5,4,14.0,29.5,6.8,1.06,2.38
SJTU-CS410,university,21,2021-11-17,2022-01-05,4,60.8,202.8,33.8,7,26.3,281.0,43.4,3,3.3,40.3,10.7,0.43,1.39
rlchina2022春,national,68,2022-01-29,2022-04-20,4,4.5,57.0,15.0,12,20.4,54.5,14.2,4,49.8,77.8,15.5,4.53,0.96
Cog-football-track1,international-top,18,2022-02-23,2022-08-24,5,15.8,35.8,7.8,26,37.8,170.3,31.3,4,20.2,297.2,26.5,2.39,4.76
Cog-football-track2,international-top,23,2022-02-23,2022-08-24,5,15.8,35.8,7.8,26,37.8,170.3,31.3,4,20.2,297.2,26.5,2.39,4.76
IJACI-track,national,54,2022-04-11,2022-07-30,4,25.8,46.0,16.5,16,31.1,151.4,31.4,4,88.8,436.8,56.0,1.21,3.29
WAIC-track,national,116,2022-04-20,2022-06-28,4,17.0,81.5,21.2,10,40.0,149.3,31.8,4,15.0,175.5,33.8,2.35,1.83
USTB-football,university,21,2022-05-16,2022-07-06,4,31.8,75.2,17.8,8,40.2,188.2,39.2,4,12.8,161.2,28.0,1.26,2.5
rlchina2022夏,national,35,2022-05-25,2022-07-26,4,65.2,128.5,34.8,9,18.3,184.9,33.9,4,88.8,436.8,56.0,0.28,1.44
SJTU-Gobang,university,15,2022-06-27,2022-07-16,4,16.5,199.0,34.8,3,27.3,201.0,39.3,4,29.0,123.2,21.2,1.65,1.01
USTC-Snakes,university,11,2022-07-18,2022-10-08,4,23.0,200.0,35.5,12,38.9,335.8,34.5,4,47.8,288.5,25.2,1.69,1.68
rlchina2022秋,national,86,2022-08-15,2022-11-01,4,29.0,123.2,21.2,12,45.2,390.9,35.8,4,30.8,296.2,30.2,1.56,3.17
Dalian-coursework1,university,51,2022-10-20,2022-12-02,4,21.0,336.0,20.0,6,40.7,304.0,29.7,4,8.0,222.8,20.8,1.94,0.9
SYSU2022-coursework,university,30,2022-11-01,2023-01-05,5,39.6,350.2,24.6,9,18.4,244.8,24.8,3,7.0,31.0,9.3,0.46,0.7
rlchina2022冬,national,69,2022-11-03,2023-01-07,4,47.8,288.5,25.2,9,18.4,244.8,24.8,3,7.0,31.0,9.3,0.38,0.85
College-coursework,university,5,2023-01-28,2023-03-05,3,6.7,66.0,13.0,5,11.2,34.0,7.4,4,15.0,48.8,11.8,1.67,0.52
rlchina23春,national,59,2023-02-19,2023-04-21,3,6.7,11.0,5.7,9,18.8,70.7,12.4,4,25.0,359.0,19.8,2.81,6.43
AAMAS2023-track3,international-top,30,2023-03-15,2023-05-23,4,17.5,50.0,9.0,10,20.8,282.9,21.1,4,6.8,191.0,17.0,1.19,5.66
AAMAS2023-track1,international-top,30,2023-03-15,2023-05-23,4,17.5,50.0,9.0,10,20.8,282.9,21.1,4,6.8,191.0,17.0,1.19,5.66
USTC-competition,university,14,2023-03-15,2023-06-01,4,17.5,50.0,9.0,11,19.7,313.2,23.1,4,14.0,42.5,7.8,1.13,6.26
AAMAS2023-track2,international-top,21,2023-03-15,2023-05-23,4,17.5,50.0,9.0,10,20.8,282.9,21.1,4,6.8,191.0,17.0,1.19,5.66
Cog2023_track1,international-top,30,2023-04-01,2023-08-10,4,15.0,48.8,11.8,19,16.5,199.5,16.8,4,8.8,12.5,3.2,1.1,4.09
Cog2023_track2,international-top,29,2023-04-01,2023-08-16,4,15.0,48.8,11.8,20,16.1,190.6,16.2,4,7.8,14.5,2.5,1.07,3.91
ijcai2023,international-top,39,2023-04-01,2023-06-24,4,15.0,48.8,11.8,12,17.4,288.4,20.7,4,17.8,55.5,13.0,1.16,5.91
SJTU-2023-AI3601-Imitation,university,10,2023-04-10,2023-05-30,4,16.8,67.8,14.2,8,22.4,401.9,25.6,4,14.0,42.5,7.8,1.33,5.93
SJTU-2023-AI3601-OfflineRL,university,6,2023-04-10,2023-05-30,4,16.8,67.8,14.2,8,22.4,401.9,25.6,4,14.0,42.5,7.8,1.33,5.93
SJTU-2023-AI3601-MARL,university,14,2023-04-10,2023-05-30,4,16.8,67.8,14.2,8,22.4,401.9,25.6,4,14.0,42.5,7.8,1.33,5.93
SJTU-2023-AI1603-overcookedai,university,13,2023-06-29,2023-07-14,4,14.0,42.5,7.8,2,11.0,83.5,17.5,4,11.2,35.0,7.8,0.79,1.96
rlchina2023夏,national,17,2023-07-06,2023-08-28,4,13.5,51.5,10.2,8,10.2,36.1,7.4,4,7.2,20.8,2.0,0.76,0.7
CCF-TaxingAI-track1,other,24,2023-07-06,2023-11-30,4,13.5,51.5,10.2,21,17.4,154.1,16.3,4,25.5,53.5,11.0,1.29,2.99
rlchina2023冬,national,11,2023-11-15,2024-01-25,4,27.5,369.5,33.8,10,23.2,156.5,20.3,4,4.2,19.8,3.2,0.84,0.42
KaFang Technology - Stock4RL,other,12,2023-12-01,2024-03-25,4,32.8,495.5,48.5,16,12.8,38.1,8.0,5,4.8,192.6,14.6,0.39,0.08
AAMAS2024计算经济挑战赛-track2,international-top,13,2024-03-01,2024-05-01,4,5.8,23.8,3.5,9,8.4,134.3,12.2,4,6.8,88.5,10.0,1.45,5.64
AAMAS2024Card-track3,international-top,18,2024-03-01,2024-05-01,4,5.8,23.8,3.5,9,8.4,134.3,12.2,4,6.8,88.5,10.0,1.45,5.64
AAMAS2024Card-track1,international-top,17,2024-03-01,2024-05-01,4,5.8,23.8,3.5,9,8.4,134.3,12.2,4,6.8,88.5,10.0,1.45,5.64
AAMAS2024计算经济挑战赛-track1,international-top,18,2024-03-01,2024-05-01,4,5.8,23.8,3.5,9,8.4,134.3,12.2,4,6.8,88.5,10.0,1.45,5.64
AAMAS2024Card-track2,international-top,9,2024-03-01,2024-05-01,4,5.8,23.8,3.5,9,8.4,134.3,12.2,4,6.8,88.5,10.0,1.45,5.64
上海交通大学 AI3617 竞赛 - 赛道1,other,6,2024-05-16,2024-06-03,5,5.4,124.0,10.4,2,7.0,127.5,15.0,5,14.0,18.4,4.6,1.3,1.03
RLChina2024夏,national,37,2024-06-18,2024-07-23,4,11.8,61.0,8.0,4,13.8,78.5,12.5,5,3.4,7.8,2.0,1.17,1.29
上海交通大学2024AI竞赛,other,9,2024-06-25,2024-07-18,4,11.8,14.0,3.5,3,14.7,99.7,15.7,4,3.0,9.8,2.5,1.25,7.12
国科大多智能体系统课程作业2025,other,22,2025-02-24,2025-04-13,4,3.0,4.8,0.8,7,16.7,84.6,7.1,4,7.8,125.0,10.2,5.57,17.62
AAMAS2025计算经济挑战赛-track1,international-top,18,2025-03-14,2025-05-14,4,13.8,6.8,1.5,9,11.1,119.6,9.8,4,4.0,0.5,0.2,0.8,17.59
AAMAS2025计算经济挑战赛-track2,international-top,16,2025-03-14,2025-05-14,4,13.8,6.8,1.5,9,11.1,119.6,9.8,4,4.0,0.5,0.2,0.8,17.59
AAMAS2025Card-track1,international-top,12,2025-04-03,2025-05-14,4,17.8,37.5,4.8,6,8.7,156.0,11.7,4,4.0,0.5,0.2,0.49,4.16
AAMAS2025Card-track2,international-top,8,2025-04-03,2025-05-14,4,17.8,37.5,4.8,6,8.7,156.0,11.7,4,4.0,0.5,0.2,0.49,4.16
AAMAS2025Card-track3,international-top,12,2025-04-03,2025-05-14,4,17.8,37.5,4.8,6,8.7,156.0,11.7,4,4.0,0.5,0.2,0.49,4.16
上海创智学院实训擂台,other,10,2025-11-07,2025-11-11,5,3.8,0.0,0.0,1,7.0,0.0,0.0,3,3.7,1.3,0.3,1.84,
国科大多智能体系统课程作业2026,other,13,2026-03-01,2026-04-11,2,1.0,1.5,0.5,6,5.3,8.5,2.3,4,3.2,1.8,1.0,5.3,5.67
