env,quarter,cutoff,latest_user_versions,rankable_versions,new_games,valid_early
6,2021Q1,1617206400.0,14,3,4014,0
6,2021Q2,1625068800.0,15,9,20032,0
6,2021Q3,1633017600.0,113,88,477106,20
6,2021Q4,1640966400.0,175,104,77332,20
6,2022Q1,1648742400.0,179,120,49552,20
6,2022Q2,1656604800.0,179,159,49281,20
6,2022Q3,1664553600.0,196,159,20083,20
6,2022Q4,1672502400.0,200,159,16393,20
6,2023Q1,1680278400.0,200,159,14900,20
6,2023Q2,1688140800.0,226,158,19086,20
6,2023Q3,1696089600.0,226,159,15546,20
6,2023Q4,1704038400.0,227,166,15803,20
6,2024Q1,1711900800.0,227,175,15163,20
6,2024Q2,1719763200.0,228,176,14267,20
6,2024Q3,1727712000.0,228,182,14000,20
6,2024Q4,1735660800.0,228,194,9296,20
6,2025Q1,1743436800.0,228,201,13319,20
6,2025Q2,1751299200.0,229,201,6626,20
6,2025Q3,1759248000.0,229,202,8429,20
6,2025Q4,1767196800.0,229,202,0,0
6,2026Q1,1774972800.0,229,202,0,0
6,2026Q2,1782835200.0,229,202,0,0
34,2021Q1,1617206400.0,0,0,0,0
34,2021Q2,1625068800.0,2,0,808,0
34,2021Q3,1633017600.0,2,0,2171,0
34,2021Q4,1640966400.0,3,0,1220,0
34,2022Q1,1648742400.0,9,7,1448,2
34,2022Q2,1656604800.0,16,9,4630,4
34,2022Q3,1664553600.0,25,13,4032,5
34,2022Q4,1672502400.0,30,12,1428,5
34,2023Q1,1680278400.0,32,12,1118,5
34,2023Q2,1688140800.0,36,14,1332,5
34,2023Q3,1696089600.0,45,17,1886,5
34,2023Q4,1704038400.0,46,23,1669,5
34,2024Q1,1711900800.0,46,24,1634,5
34,2024Q2,1719763200.0,47,24,1631,5
34,2024Q3,1727712000.0,47,25,1717,5
34,2024Q4,1735660800.0,48,25,1072,5
34,2025Q1,1743436800.0,48,25,1581,5
34,2025Q2,1751299200.0,49,25,781,5
34,2025Q3,1759248000.0,49,25,1051,5
34,2025Q4,1767196800.0,49,25,0,0
34,2026Q1,1774972800.0,49,25,0,0
34,2026Q2,1782835200.0,50,25,0,0
88,2021Q1,1617206400.0,0,0,0,0
88,2021Q2,1625068800.0,0,0,0,0
88,2021Q3,1633017600.0,0,0,0,0
88,2021Q4,1640966400.0,0,0,0,0
88,2022Q1,1648742400.0,0,0,0,0
88,2022Q2,1656604800.0,50,15,15543,5
88,2022Q3,1664553600.0,53,37,7018,5
88,2022Q4,1672502400.0,53,42,2887,5
88,2023Q1,1680278400.0,53,42,2305,5
88,2023Q2,1688140800.0,65,42,2571,5
88,2023Q3,1696089600.0,65,42,2511,5
88,2023Q4,1704038400.0,65,45,2468,5
88,2024Q1,1711900800.0,65,53,2435,5
88,2024Q2,1719763200.0,66,53,2255,5
88,2024Q3,1727712000.0,66,53,2274,5
88,2024Q4,1735660800.0,66,54,1438,5
88,2025Q1,1743436800.0,68,54,2191,5
88,2025Q2,1751299200.0,88,53,2550,5
88,2025Q3,1759248000.0,88,53,2145,5
88,2025Q4,1767196800.0,88,53,0,0
88,2026Q1,1774972800.0,90,53,0,0
88,2026Q2,1782835200.0,93,53,0,0
